window_id,png,last_bias,swings_agree,bos_agree,zones_agree,notes
w000,win_000_20260721_0945.png,BULL,,,,
w001,win_001_20260722_1045.png,BEAR,,,,
w002,win_002_20260723_1145.png,BULL,,,,
w003,win_003_20260724_1245.png,BEAR,,,,
w004,win_004_20260725_1345.png,BEAR,,,,
w005,win_005_20260726_1445.png,BEAR,,,,
w006,win_006_20260727_1545.png,BEAR,,,,
w007,win_007_20260728_1645.png,BULL,,,,
w008,win_008_20260729_1745.png,BULL,,,,
w009,win_009_20260730_1845.png,BEAR,,,,
w010,win_010_20260731_1945.png,BEAR,,,,
w011,win_011_20260801_2045.png,BEAR,,,,
w012,win_012_20260802_2145.png,BULL,,,,
w013,win_013_20260803_2300.png,BULL,,,,
w014,win_014_20260805_0000.png,BULL,,,,
w015,win_015_20260806_0100.png,BULL,,,,
w016,win_016_20260807_0200.png,BEAR,,,,
w017,win_017_20260808_0300.png,BEAR,,,,
w018,win_018_20260809_0400.png,BEAR,,,,
w019,win_019_20260810_0500.png,BULL,,,,
w020,win_020_20260811_0600.png,BULL,,,,
w021,win_021_20260812_0700.png,BULL,,,,
w022,win_022_20260813_0800.png,BEAR,,,,
w023,win_023_20260814_0900.png,BEAR,,,,
w024,win_024_20260815_1000.png,BEAR,,,,
w025,win_025_20260816_1115.png,BEAR,,,,
w026,win_026_20260817_1215.png,BULL,,,,
w027,win_027_20260818_1315.png,BULL,,,,
w028,win_028_20260819_1415.png,BEAR,,,,
w029,win_029_20260820_1515.png,BULL,,,,
w030,win_030_20260821_1615.png,BEAR,,,,
w031,win_031_20260822_1715.png,BEAR,,,,
w032,win_032_20260823_1815.png,BULL,,,,
w033,win_033_20260824_1915.png,BEAR,,,,
w034,win_034_20260825_2015.png,BEAR,,,,
w035,win_035_20260826_2115.png,BULL,,,,
w036,win_036_20260827_2215.png,BEAR,,,,
w037,win_037_20260828_2330.png,BEAR,,,,
w038,win_038_20260830_0030.png,BEAR,,,,
w039,win_039_20260831_0130.png,BEAR,,,,
w040,win_040_20260901_0230.png,BEAR,,,,
w041,win_041_20260902_0330.png,BULL,,,,
w042,win_042_20260903_0430.png,BEAR,,,,
w043,win_043_20260904_0530.png,BEAR,,,,
w044,win_044_20260905_0630.png,BEAR,,,,
w045,win_045_20260906_0730.png,BEAR,,,,
w046,win_046_20260907_0830.png,BULL,,,,
w047,win_047_20260908_0930.png,BULL,,,,
w048,win_048_20260909_1030.png,BEAR,,,,
w049,win_049_20260910_1145.png,BEAR,,,,
